Index,Organization Id,Name,Website
1,FAB0d41d5b5d22c,Ferrell LLC,https://price.net/
2,6A7EdDEA9FaDC52,"Mckinney, Riley and Day",http://www.hall-buchanan.info/
3,0bFED1ADAE4bcC1,Hester Ltd,http://sullivan-reed.com/
4,2bFC1Be8a4ce42f,Holder-Sellers,https://becker.com/
5,9eE8A6a4Eb96C24,Mayer Group,http://www.brewer.com/
6,cC757116fe1C085,Henry-Thompson,http://morse.net/
7,219233e8aFF1BC3,Hansen-Everett,https://www.kidd.org/
8,ccc93DCF81a31CD,Mcintosh-Mora,https://www.brooks.com/
9,0B4F93aA06ED03e,Carr Inc,http://ross.com/
10,738b5aDe6B1C6A5,Gaines Inc,http://sandoval-hooper.com/
11,AE61b8Ffebbc476,Kidd Group,http://www.lyons.com/
12,eb3B7D06cCdD609,Crane-Clarke,https://www.sandoval.com/
13,8D0c29189C9798B,"Keller, Campos and Black",https://www.garner.info/
14,D2c91cc03CA394c,Glover-Pope,http://www.silva.biz/
15,C8AC1eaf9C036F4,Pacheco-Spears,https://aguilar.com/
16,b5D10A14f7a8AfE,Hodge-Ayers,http://www.archer-elliott.com/
17,68139b5C4De03B4,"Bowers, Guerra and Krause",http://www.carrillo-nicholson.com/
18,5c2EffEfdba2BdF,Mckenzie-Melton,http://montoya-thompson.com/
19,ba179F19F7925f5,Branch-Mann,http://www.lozano.com/
20,c1Ce9B350BAc66b,Weiss and Sons,https://barrett.com/
21,8de40AC4e6EaCa4,"Velez, Payne and Coffey",http://burton.com/
22,Aad86a4F0385F2d,Harrell LLC,http://www.frey-rosario.com/
23,22aC3FFd64fD703,"Eaton, Reynolds and Vargas",http://www.freeman.biz/
24,5Ec4C272bCf085c,Robbins-Cummings,http://donaldson-wilkins.com/
25,5fDBeA8BB91a000,Jenkins Inc,http://www.kirk.biz/
26,dFfD6a6F9AC2d9C,"Greene, Benjamin and Novak",http://www.kent.net/
27,4B217cC5a0674C5,"Dickson, Richmond and Clay",http://everett.com/
28,88b1f1cDcf59a37,Prince-David,http://thompson.com/
29,f9F7bBCAEeC360F,Ayala LLC,http://www.zhang.com/
30,7Cb3AeFcE4Ba31e,Rivas Group,https://hebert.org/
31,ccBcC32adcbc530,"Sloan, Mays and Whitehead",http://lawson.com/
32,f5afd686b3d05F5,"Durham, Allen and Barnes",http://chan-stafford.org/
33,38C6cfC5074Fa5e,Fritz-Franklin,http://www.lambert.com/
34,5Cd7efccCcba38f,Burch-Ewing,http://cline.net/
35,9E6Acb51e3F9d6F,"Glass, Barrera and Turner",https://dunlap.com/
36,4D4d7E18321eaeC,Pineda-Cox,http://aguilar.org/
37,485f5d06B938F2b,"Baker, Mccann and Macdonald",http://www.anderson-barker.com/
38,19E3a5Bf6dBDc4F,Cuevas-Moss,https://dodson-castaneda.net/
39,6883A965c7b68F7,Hahn PLC,http://newman.com/
40,AC5B7AA74Aa4A2E,"Valentine, Ferguson and Kramer",http://stuart.net/
41,decab0D5027CA6a,Arroyo Inc,https://www.turner.com/
42,dF084FbBb613eea,Walls LLC,http://www.reese-vasquez.biz/
43,A2D89Ab9bCcAd4e,"Mitchell, Warren and Schneider",https://fox.biz/
44,77aDc905434a49f,Prince PLC,https://www.watts.com/
45,235fdEFE2cfDa5F,Brock-Blackwell,http://www.small.com/
46,1eD64cFe986BBbE,Walton-Barnett,https://ashley-schaefer.com/
47,CbBbFcdd0eaE2cF,Bartlett-Arroyo,https://cruz.com/
48,49aECbDaE6aBD53,"Wallace, Madden and Morris",http://www.blevins-fernandez.biz/
49,7b3fe6e7E72bFa4,Berg-Sparks,https://cisneros-love.com/
50,c6DedA82A8aef7E,Gonzales Ltd,http://bird.com/
51,7D9FBF85cdC3871,Lawson and Sons,https://www.wong.com/
52,7dd18Fb7cB07b65,"Mcguire, Mcconnell and Olsen",https://melton-briggs.com/
53,EF5B55FadccB8Fe,Charles-Phillips,https://bowman.com/
54,f8D4B99e11fAF5D,Odom Ltd,https://www.humphrey-hess.com/
55,e24D21BFd3bF1E5,Richard PLC,https://holden-coleman.net/
56,B9BdfEB6D3Ca44E,Sampson Ltd,https://blevins.com/
57,2a74D6f3D3B268e,"Cherry, Le and Callahan",https://waller-delacruz.biz/
58,Bf3F3f62c8aBC33,Cherry PLC,https://www.avila.info/
59,aeBe26B80a7a23c,Melton-Nichols,https://kennedy.com/
60,aAeb29ad43886C6,Potter-Walsh,http://thomas-french.org/
61,bD1bc6bB6d1FeD3,Freeman-Chen,https://mathis.com/
62,EB9f456e8b7022a,Soto Group,https://norris.info/
63,Dfef38C51D8DAe3,"Poole, Cruz and Whitney",https://reed.info/
64,055ffEfB2Dd95B0,Riley Ltd,http://wiley.com/
65,cBfe4dbAE1699da,"Erickson, Andrews and Bailey",https://www.hobbs-grant.com/
66,fdFbecbadcdCdf1,"Wilkinson, Charles and Arroyo",http://hunter-mcfarland.com/
67,5DCb8A5a5ca03c0,Floyd Ltd,http://www.whitney.com/
68,ce57DCbcFD6d618,Newman-Galloway,https://www.scott.com/
69,5aaD187dc929371,Frazier-Butler,https://www.daugherty-farley.info/
70,902D7Ac8b6d476b,Newton Inc,https://www.richmond-manning.info/
71,32BB9Ff4d939788,Duffy-Levy,https://www.potter.com/
72,adcB0afbE58bAe3,Wagner LLC,https://decker-esparza.com/
73,dfcA1c84AdB61Ac,Mccall-Holmes,http://www.dean.com/
74,208044AC2fe52F3,Massey LLC,https://frazier.biz/
75,f3C365f0c1A0623,Hicks LLC,http://alvarez.biz/
76,ec5Bdd3CBAfaB93,"Cole, Russell and Avery",http://www.blankenship.com/
77,DDB19Be7eeB56B4,Cummings-Rojas,https://simon-pearson.com/
78,dd6CA3d0bc3cAfc,"Beasley, Greene and Mahoney",http://www.petersen-lawrence.com/
79,A0B9d56e61070e3,"Beasley, Sims and Allison",http://burke.info/
80,cBa7EFe5D05Adaf,Crawford-Rivera,https://black-ramirez.org/
81,Ea3f6D52Ec73563,Montes-Hensley,https://krueger.org/
82,bC0CEd48A8000E0,Velazquez-Odom,https://stokes.com/
83,c89b9b59BC4baa1,Eaton-Morales,https://www.reeves-graham.com/
84,FEC51bce8421a7b,"Roberson, Pennington and Palmer",http://www.keith-fisher.com/
85,e0E8e27eAc9CAd5,"George, Russo and Guerra",https://drake.com/
86,B97a6CF9bf5983C,Davila Inc,https://mcconnell.info/
87,a0a6f9b3DbcBEb5,Mays-Preston,http://www.browning-key.com/
88,8cC1bDa330a5871,Pineda-Morton,https://www.carr.com/
89,ED889CB2FE9cbd3,Huang and Sons,https://www.bolton.com/
90,F4Dc1417BC6cb8f,Gilbert-Simon,https://www.bradford.biz/
91,7ABc3c7ecA03B34,Sampson-Griffith,http://hendricks.org/
92,4e0719FBE38e0aB,Miles-Dominguez,http://www.turner.com/
93,dEbDAAeDfaed00A,Rowe and Sons,https://www.simpson.org/
94,61BDeCfeFD0cEF5,"Valenzuela, Holmes and Rowland",https://www.dorsey.net/
95,4e91eD25f486110,"Best, Wade and Shepard",https://zimmerman.com/
96,0a0bfFbBbB8eC7c,Holmes Group,https://mcdowell.org/
97,BA6Cd9Dae2Efd62,Good Ltd,http://duffy.com/
98,E7df80C60Abd7f9,Clements-Espinoza,http://www.flowers.net/
99,AFc285dbE2fEd24,Mendez Inc,https://www.burke.net/
100,e9eB5A60Cef8354,Watkins-Kaiser,http://www.herring.com/
